{"metadata":{},"timestamp":1622689038027,"changes":[{"id":"c521b443-368f-2e18-a853-066abaa1e9e3","last_modified":1622680686149,"bucket":"blocklists","collection":"addons-bloomfilters","host":"firefox.settings.services.mozilla.com"},{"id":"0e543556-43bf-3139-1fda-2a0068116c6d","last_modified":1622665449175,"bucket":"blocklists","collection":"certificates","host":"firefox.settings.services.mozilla.com"},{"id":"061d4584-acd0-fecc-b5fb-dcfe0ad5e123","last_modified":1518124248754,"bucket":"blocklists","collection":"qa","host":"firefox.settings.services.mozilla.com"},{"id":"19e79f22-62cf-92e1-c12c-a3b4b9cf51be","last_modified":1603126502200,"bucket":"blocklists","collection":"plugins","host":"firefox.settings.services.mozilla.com"},{"id":"b7f595f9-5fc5-d863-b5dd-e5425dcf427a","last_modified":1604940558744,"bucket":"blocklists","collection":"addons","host":"firefox.settings.services.mozilla.com"},{"id":"3fadb169-e5de-a2f0-374e-6eeb3eac3dbb","last_modified":1606146402211,"bucket":"blocklists","collection":"gfx","host":"firefox.settings.services.mozilla.com"},{"id":"e42f495f-e3fb-6d65-4edd-51dd0f3985f3","last_modified":1573556826481,"bucket":"blocklists-preview","collection":"qa","host":"firefox.settings.services.mozilla.com"},{"id":"3ace9d8e-00b5-a353-7fd5-1f081ff482ba","last_modified":1603099530179,"bucket":"blocklists-preview","collection":"plugins","host":"firefox.settings.services.mozilla.com"},{"id":"c6671b58-a04c-2753-1904-decfb584f9ce","last_modified":1604936711141,"bucket":"blocklists-preview","collection":"addons","host":"firefox.settings.services.mozilla.com"},{"id":"be77064f-af40-d297-93f9-91e676ec04ea","last_modified":1606078915626,"bucket":"blocklists-preview","collection":"gfx","host":"firefox.settings.services.mozilla.com"},{"id":"380cd5a8-a585-42ef-3ee6-93bc618bcc36","last_modified":1622671617004,"bucket":"main","collection":"nimbus-preview","host":"firefox.settings.services.mozilla.com"},{"id":"274942c0-0ac3-cabd-0eca-3889bdfa926b","last_modified":1622661885010,"bucket":"main","collection":"cfr","host":"firefox.settings.services.mozilla.com"},{"id":"5a30bf02-8b01-b6f6-fa9f-c34cdd3a1042","last_modified":1622654878341,"bucket":"main","collection":"nimbus-mobile-experiments","host":"firefox.settings.services.mozilla.com"},{"id":"8da7db1e-dffb-18c9-2efe-0e9d7459a0f4","last_modified":1622574680702,"bucket":"main","collection":"normandy-recipes","host":"firefox.settings.services.mozilla.com"},{"id":"e9f76a09-1c31-7dce-7c40-8abfbcfb244d","last_modified":1622574202515,"bucket":"main","collection":"normandy-recipes-capabilities","host":"firefox.settings.services.mozilla.com"},{"id":"501583ca-d580-51de-0584-dab08102506d","last_modified":1622566553394,"bucket":"main","collection":"nimbus-desktop-experiments","host":"firefox.settings.services.mozilla.com"},{"id":"42830d75-4c14-f884-1ceb-05febc3902b9","last_modified":1621943462970,"bucket":"main","collection":"doh-config","host":"firefox.settings.services.mozilla.com"},{"id":"a252dd48-1252-7149-1c3f-1e82697843af","last_modified":1621943542621,"bucket":"main","collection":"doh-providers","host":"firefox.settings.services.mozilla.com"},{"id":"d7bee3b1-5225-494c-c375-72931c7407bf","last_modified":1622557703285,"bucket":"main","collection":"ms-language-packs","host":"firefox.settings.services.mozilla.com"},{"id":"3ddbe540-6900-30ef-7853-199a3b4bc6df","last_modified":1622490686022,"bucket":"main","collection":"quicksuggest","host":"firefox.settings.services.mozilla.com"},{"id":"1d402bfe-4765-79b2-df44-da88d9c24c96","last_modified":1614634069929,"bucket":"main","collection":"cfr-fxa","host":"firefox.settings.services.mozilla.com"},{"id":"8ee6692e-d686-a614-6e4f-23d71b55b7f3","last_modified":1616596312175,"bucket":"main","collection":"fxmonitor-breaches","host":"firefox.settings.services.mozilla.com"},{"id":"aea574eb-2997-6453-0c09-1851fc1b2561","last_modified":1619450717295,"bucket":"main","collection":"search-config","host":"firefox.settings.services.mozilla.com"},{"id":"651e8969-24fa-eb4a-aa3d-d64b894cbe9a","last_modified":1621244389666,"bucket":"main","collection":"query-stripping","host":"firefox.settings.services.mozilla.com"},{"id":"4c6bb163-e264-7c3e-6b02-412ddc32be07","last_modified":1537170034262,"bucket":"main","collection":"rocket-prefs","host":"firefox.settings.services.mozilla.com"},{"id":"0ad92238-e4ce-dd27-57f8-c97134add3c9","last_modified":1544035467383,"bucket":"main","collection":"sites-classification","host":"firefox.settings.services.mozilla.com"},{"id":"4cc182c3-8d71-17b8-f571-d63eb7b787c8","last_modified":1549456980819,"bucket":"main","collection":"lite-experiments","host":"firefox.settings.services.mozilla.com"},{"id":"7154e466-8bf6-4a7d-8a96-65b3f8359d8c","last_modified":1561052996982,"bucket":"main","collection":"fenix-experiments","host":"firefox.settings.services.mozilla.com"},{"id":"0164d8d8-c422-4215-1f5a-70f62b85bf44","last_modified":1562796064168,"bucket":"main","collection":"focus-experiments","host":"firefox.settings.services.mozilla.com"},{"id":"248f8630-6807-ab30-6370-14918dc824c2","last_modified":1564511755134,"bucket":"main","collection":"anti-tracking-url-decoration","host":"firefox.settings.services.mozilla.com"},{"id":"714b69f3-69fb-0b5e-9c4a-e73c07aa2858","last_modified":1566407742291,"bucket":"main","collection":"tracking-protection-lists","host":"firefox.settings.services.mozilla.com"},{"id":"cbc1c616-db66-8b4e-15ae-b9d6cdbea3c7","last_modified":1568326431050,"bucket":"main","collection":"fftv-experiments","host":"firefox.settings.services.mozilla.com"},{"id":"8c581745-110d-0d30-f0f2-fe999bc1fde7","last_modified":1569410800356,"bucket":"main","collection":"language-dictionaries","host":"firefox.settings.services.mozilla.com"},{"id":"e02dce4c-7a13-3dda-6e62-d6d9084e82f5","last_modified":1569443132800,"bucket":"main","collection":"cfr-srg","host":"firefox.settings.services.mozilla.com"},{"id":"5f39c5e3-7a2a-3868-c29d-e7f11d76d66b","last_modified":1575468539758,"bucket":"main","collection":"public-suffix-list","host":"firefox.settings.services.mozilla.com"},{"id":"0d61e3ec-c708-b839-512a-e09c3f5f1880","last_modified":1581703205374,"bucket":"main","collection":"personality-provider-models","host":"firefox.settings.services.mozilla.com"},{"id":"889a101d-bade-d030-e233-a18beceba9cf","last_modified":1592906663254,"bucket":"main","collection":"partitioning-exempt-urls","host":"firefox.settings.services.mozilla.com"},{"id":"5b1ab327-5196-0f05-629f-fdd288138d69","last_modified":1593104364892,"bucket":"main","collection":"windows-default-browser-agent","host":"firefox.settings.services.mozilla.com"},{"id":"cfe13ca2-8007-1935-aea8-b31c7bcefd8d","last_modified":1595254618540,"bucket":"main","collection":"search-default-override-allowlist","host":"firefox.settings.services.mozilla.com"},{"id":"8e0dffc7-d526-aa8d-759c-0882dfda733c","last_modified":1595616291726,"bucket":"main","collection":"message-groups","host":"firefox.settings.services.mozilla.com"},{"id":"e535535a-be20-8cb5-d162-ba72b1d81f3f","last_modified":1595950625167,"bucket":"main","collection":"pioneer-study-addons","host":"firefox.settings.services.mozilla.com"},{"id":"3f7e9dcc-c522-ea35-c98b-9334230153aa","last_modified":1600363002708,"bucket":"main","collection":"regions","host":"firefox.settings.services.mozilla.com"},{"id":"71e468d0-8006-a831-873e-64d518cd8515","last_modified":1600889167888,"bucket":"main","collection":"password-recipes","host":"firefox.settings.services.mozilla.com"},{"id":"2ca9d0dc-f44b-9e48-5f37-37a90600b10f","last_modified":1602876354998,"bucket":"main","collection":"mobile-experiments","host":"firefox.settings.services.mozilla.com"},{"id":"e4764d29-ebad-2f17-3945-cdff8214f400","last_modified":1603216320139,"bucket":"main","collection":"tippytop","host":"firefox.settings.services.mozilla.com"},{"id":"958b14fa-88b0-ec42-8e68-464502a21eb1","last_modified":1603308987530,"bucket":"main","collection":"personality-provider-recipe","host":"firefox.settings.services.mozilla.com"},{"id":"10583668-d3dc-6025-0200-dbcec975ac47","last_modified":1604450883297,"bucket":"main","collection":"pioneer-content-v1","host":"firefox.settings.services.mozilla.com"},{"id":"301b5e58-eec9-4f1e-2f97-09abedfef627","last_modified":1621028626500,"bucket":"main","collection":"top-sites","host":"firefox.settings.services.mozilla.com"},{"id":"8451eb15-8141-758c-6dd1-6d9f04146fa9","last_modified":1605801189258,"bucket":"main","collection":"hijack-blocklists","host":"firefox.settings.services.mozilla.com"},{"id":"2a96d2c2-ee2c-92d9-4415-3996dd1aef47","last_modified":1606870304609,"bucket":"main","collection":"url-classifier-skip-urls","host":"firefox.settings.services.mozilla.com"},{"id":"6fcd379b-83fc-111c-e7f5-c9fa9d7caf25","last_modified":1607042143590,"bucket":"main","collection":"pioneer-study-addons-v1","host":"firefox.settings.services.mozilla.com"},{"id":"a998e5e0-c645-25e4-8306-d22953baacb4","last_modified":1607983636189,"bucket":"main","collection":"pioneer-content-v2","host":"firefox.settings.services.mozilla.com"},{"id":"2652b5c8-7854-2c47-d567-19bbcaae38e5","last_modified":1607983639228,"bucket":"main","collection":"pioneer-study-addons-v2","host":"firefox.settings.services.mozilla.com"},{"id":"7a804898-26d6-ff1b-096a-df6246714e38","last_modified":1613052721204,"bucket":"main","collection":"websites-with-shared-credential-backends","host":"firefox.settings.services.mozilla.com"},{"id":"6caeca19-d819-2f9c-cfe3-8b0c1de9b52b","last_modified":1613587794383,"bucket":"main","collection":"search-telemetry","host":"firefox.settings.services.mozilla.com"},{"id":"1611c176-3998-f3df-07b7-c1858138d48b","last_modified":1617030573137,"bucket":"main","collection":"whats-new-panel","host":"firefox.settings.services.mozilla.com"},{"id":"45a93597-80e3-cc6c-f29c-1ad6e0dd4455","last_modified":1619645691818,"bucket":"main","collection":"rally-studies-v1","host":"firefox.settings.services.mozilla.com"},{"id":"6f8a35aa-c73e-2e16-bff9-956ee6f17a46","last_modified":1619710366638,"bucket":"main","collection":"nimbus-desktop-defaults","host":"firefox.settings.services.mozilla.com"},{"id":"2c2bcb35-b5f7-e015-b54f-3d60feccf26d","last_modified":1620223188811,"bucket":"main","collection":"password-rules","host":"firefox.settings.services.mozilla.com"},{"id":"c2349d3f-a0f0-2550-1e35-ee993f8a1c8d","last_modified":1622678480467,"bucket":"main-preview","collection":"fxmonitor-breaches","host":"firefox.settings.services.mozilla.com"},{"id":"a60ac63f-506b-5d85-78a6-443c7e69d09b","last_modified":1622671616945,"bucket":"main-preview","collection":"nimbus-preview","host":"firefox.settings.services.mozilla.com"},{"id":"2e5fede5-45b1-2e91-626c-371c244ad1b2","last_modified":1622663675337,"bucket":"main-preview","collection":"public-suffix-list","host":"firefox.settings.services.mozilla.com"},{"id":"461e4691-5c0d-5dad-321d-cd9d61a5c640","last_modified":1622661234930,"bucket":"main-preview","collection":"cfr","host":"firefox.settings.services.mozilla.com"},{"id":"19f7ec86-7cc3-46d8-21d0-f1aeb80ba2ea","last_modified":1622654842823,"bucket":"main-preview","collection":"nimbus-mobile-experiments","host":"firefox.settings.services.mozilla.com"},{"id":"a0e7d312-12ed-a188-65c4-5e178ca5f261","last_modified":1622419444481,"bucket":"main-preview","collection":"nimbus-desktop-experiments","host":"firefox.settings.services.mozilla.com"},{"id":"03502cb8-a932-eb71-c910-0a9adb597757","last_modified":1621819349471,"bucket":"main-preview","collection":"doh-config","host":"firefox.settings.services.mozilla.com"},{"id":"bcde7ed4-4637-5b47-922e-c8df09ece804","last_modified":1621819298945,"bucket":"main-preview","collection":"doh-providers","host":"firefox.settings.services.mozilla.com"},{"id":"6133f0b4-fe59-a2ad-6839-b159c6dabc9c","last_modified":1622555417254,"bucket":"main-preview","collection":"ms-language-packs","host":"firefox.settings.services.mozilla.com"},{"id":"8195b5b2-fd71-f382-9458-5028ef84e90d","last_modified":1622490523544,"bucket":"main-preview","collection":"quicksuggest","host":"firefox.settings.services.mozilla.com"},{"id":"860c5853-ce4e-c835-a13b-9024387298e2","last_modified":1614632966702,"bucket":"main-preview","collection":"cfr-fxa","host":"firefox.settings.services.mozilla.com"},{"id":"d6bac357-17c7-e551-94e7-9fb97f908dec","last_modified":1619433273535,"bucket":"main-preview","collection":"search-config","host":"firefox.settings.services.mozilla.com"},{"id":"00b04ed4-cacb-1281-1c64-813c2d1e5714","last_modified":1621244389622,"bucket":"main-preview","collection":"query-stripping","host":"firefox.settings.services.mozilla.com"},{"id":"95dc1028-5939-3fd0-dfc7-fa6dcb165dee","last_modified":1537170034262,"bucket":"main-preview","collection":"rocket-prefs","host":"firefox.settings.services.mozilla.com"},{"id":"2c434b22-08f9-ed9a-914c-ef5c30ebcb82","last_modified":1544035467383,"bucket":"main-preview","collection":"sites-classification","host":"firefox.settings.services.mozilla.com"},{"id":"f585a002-541c-0509-32f5-8efcdc24aed7","last_modified":1549456980305,"bucket":"main-preview","collection":"lite-experiments","host":"firefox.settings.services.mozilla.com"},{"id":"ee9ce2cf-8fec-3eab-da2b-190720965569","last_modified":1561052996982,"bucket":"main-preview","collection":"fenix-experiments","host":"firefox.settings.services.mozilla.com"},{"id":"e1afa4ff-ea74-d142-eff6-4c5c3d27ce8c","last_modified":1562796064168,"bucket":"main-preview","collection":"focus-experiments","host":"firefox.settings.services.mozilla.com"},{"id":"4ceae968-33e3-b09e-fce7-87edfd15923a","last_modified":1564511755134,"bucket":"main-preview","collection":"anti-tracking-url-decoration","host":"firefox.settings.services.mozilla.com"},{"id":"45bf3f78-8f3f-28f6-5a1d-8a2bb6d3a2b2","last_modified":1566407741578,"bucket":"main-preview","collection":"tracking-protection-lists","host":"firefox.settings.services.mozilla.com"},{"id":"2c0ca1ec-9185-5edf-469e-e15985d42f55","last_modified":1568326431050,"bucket":"main-preview","collection":"fftv-experiments","host":"firefox.settings.services.mozilla.com"},{"id":"9f66a403-06b9-1f49-179b-8bde4f9e1d3a","last_modified":1569410800356,"bucket":"main-preview","collection":"language-dictionaries","host":"firefox.settings.services.mozilla.com"},{"id":"ad9b4281-cfdf-902c-de11-366a78030ed5","last_modified":1569443132231,"bucket":"main-preview","collection":"cfr-srg","host":"firefox.settings.services.mozilla.com"},{"id":"58667b5b-2afa-c9ea-a95d-d6081529dbee","last_modified":1581701665749,"bucket":"main-preview","collection":"personality-provider-models","host":"firefox.settings.services.mozilla.com"},{"id":"d02d3098-a22d-738c-9de1-1a3688e8cda8","last_modified":1592906663193,"bucket":"main-preview","collection":"partitioning-exempt-urls","host":"firefox.settings.services.mozilla.com"},{"id":"3f3cc33f-0a47-9621-ca08-6f1d0d55bb7c","last_modified":1593104012343,"bucket":"main-preview","collection":"windows-default-browser-agent","host":"firefox.settings.services.mozilla.com"},{"id":"b271319d-3db1-b78c-b058-7a3e7704c80f","last_modified":1590510443990,"bucket":"main-preview","collection":"search-default-override-allowlist","host":"firefox.settings.services.mozilla.com"},{"id":"9a2e66c0-f96b-fa05-92da-8d62775e102b","last_modified":1595616169160,"bucket":"main-preview","collection":"message-groups","host":"firefox.settings.services.mozilla.com"},{"id":"9dbb7b11-e456-bb51-2f14-f3a17ef76326","last_modified":1595950571495,"bucket":"main-preview","collection":"pioneer-study-addons","host":"firefox.settings.services.mozilla.com"},{"id":"91607703-59bd-95a1-7734-a987332bc619","last_modified":1591566906097,"bucket":"main-preview","collection":"regions","host":"firefox.settings.services.mozilla.com"},{"id":"ab724da6-2405-a097-9ca2-e638a61eaca4","last_modified":1600889128038,"bucket":"main-preview","collection":"password-recipes","host":"firefox.settings.services.mozilla.com"},{"id":"23ee4721-520a-33d1-2063-51f8ff4fed96","last_modified":1602780283316,"bucket":"main-preview","collection":"mobile-experiments","host":"firefox.settings.services.mozilla.com"},{"id":"101f5b7a-c0d0-247e-2c0d-0cc89d5ff7c2","last_modified":1603214396451,"bucket":"main-preview","collection":"tippytop","host":"firefox.settings.services.mozilla.com"},{"id":"3f33d824-d485-658d-ab8e-f498e6f83c8a","last_modified":1603308808124,"bucket":"main-preview","collection":"personality-provider-recipe","host":"firefox.settings.services.mozilla.com"},{"id":"415edb28-1f34-f530-ecf7-1e243652be16","last_modified":1604442382323,"bucket":"main-preview","collection":"pioneer-content-v1","host":"firefox.settings.services.mozilla.com"},{"id":"d5acf05e-c2b7-782b-c5f7-52fd75b10abd","last_modified":1621028342528,"bucket":"main-preview","collection":"top-sites","host":"firefox.settings.services.mozilla.com"},{"id":"cdf5b0ef-a720-05b9-cc9f-ca272d916d46","last_modified":1605800480144,"bucket":"main-preview","collection":"hijack-blocklists","host":"firefox.settings.services.mozilla.com"},{"id":"4bbeba46-f780-10cb-16ea-2bc48ec77807","last_modified":1606870248292,"bucket":"main-preview","collection":"url-classifier-skip-urls","host":"firefox.settings.services.mozilla.com"},{"id":"4367935e-3364-caff-464b-db690e567471","last_modified":1607041879513,"bucket":"main-preview","collection":"pioneer-study-addons-v1","host":"firefox.settings.services.mozilla.com"},{"id":"093951eb-e25b-150b-d55f-a8da62e1e995","last_modified":1607981769164,"bucket":"main-preview","collection":"pioneer-content-v2","host":"firefox.settings.services.mozilla.com"},{"id":"45a0f571-e2c2-dddb-8f21-3d4cd7d909f7","last_modified":1607981725045,"bucket":"main-preview","collection":"pioneer-study-addons-v2","host":"firefox.settings.services.mozilla.com"},{"id":"fa35c1eb-3355-f100-ab9a-e4d909948e37","last_modified":1612884459254,"bucket":"main-preview","collection":"websites-with-shared-credential-backends","host":"firefox.settings.services.mozilla.com"},{"id":"30f49866-e6b6-6377-1714-d967d46c2cc9","last_modified":1613396194888,"bucket":"main-preview","collection":"search-telemetry","host":"firefox.settings.services.mozilla.com"},{"id":"b4759cb6-c501-cea0-ba70-8ab04c89b171","last_modified":1617029179150,"bucket":"main-preview","collection":"whats-new-panel","host":"firefox.settings.services.mozilla.com"},{"id":"ead8cf13-b099-9545-b44c-e03c4270bafd","last_modified":1619570754985,"bucket":"main-preview","collection":"rally-studies-v1","host":"firefox.settings.services.mozilla.com"},{"id":"eaf8523e-8945-a9c0-82dc-313a7cefead3","last_modified":1619643623723,"bucket":"main-preview","collection":"nimbus-desktop-defaults","host":"firefox.settings.services.mozilla.com"},{"id":"cde3c31e-c1b8-b24e-a494-454fdb830abf","last_modified":1620223188751,"bucket":"main-preview","collection":"password-rules","host":"firefox.settings.services.mozilla.com"},{"id":"deefc6d1-267f-0445-3168-232db4582d75","last_modified":1485794868067,"bucket":"pinning","collection":"pins","host":"firefox.settings.services.mozilla.com"},{"id":"572c31dd-2d29-b864-86bc-bd99ac6129b6","last_modified":1511202251640,"bucket":"pinning-preview","collection":"pins","host":"firefox.settings.services.mozilla.com"},{"id":"eae22ba6-631d-fcab-fa53-8a7c5adb39a9","last_modified":1622689038027,"bucket":"security-state","collection":"cert-revocations","host":"firefox.settings.services.mozilla.com"},{"id":"4dd906e9-fe4e-fd64-8138-a2c7260b2199","last_modified":1622665272229,"bucket":"security-state","collection":"onecrl","host":"firefox.settings.services.mozilla.com"},{"id":"9a0cf117-f8e7-4420-cc60-9fac2c2f6ffa","last_modified":1622602645120,"bucket":"security-state","collection":"intermediates","host":"firefox.settings.services.mozilla.com"},{"id":"adc73734-8581-67a0-0516-1d0e427a8cbd","last_modified":1622685499558,"bucket":"security-state-preview","collection":"cert-revocations","host":"firefox.settings.services.mozilla.com"},{"id":"58d1976f-6e75-7728-79da-f4860ed35de5","last_modified":1622662337536,"bucket":"security-state-preview","collection":"onecrl","host":"firefox.settings.services.mozilla.com"},{"id":"7b3f0682-64fd-7b37-3126-3934ea377bcb","last_modified":1622599231642,"bucket":"security-state-preview","collection":"intermediates","host":"firefox.settings.services.mozilla.com"}]}