{"metadata":{"signature":{"ref":"3h9s41hzf84ex3n597mrrlmqex","x5u":"https://content-signature-2.cdn.mozilla.net/chains/remote-settings.content-signature.mozilla.org-2021-07-21-15-12-54.chain","mode":"p384ecdsa","type":"contentsignaturepki","signature":"copUrkFnxuJhG2r1ORmv5PeHIDuWKI_OrSvBoFj3MZ_BB31P8fwAgmGXDERZtEZPwSev7IgjXRbOQGGTa7fgW7rMHhAUGcPo4vMYaGik7CAyLKtvM8wR6_3IuMfoQFNm","signer_id":"remote-settings","public_key":"MHYwEAYHKoZIzj0CAQYFK4EEACIDYgAEnrEpEy+gOuf60MT8tkhyI+M4d2ULCkUcmXILb638IhMA97AHrGUfQ5IC5j4CKOW4VtrE+aNn2Bb/Xlnn9Z2ivFLEO9gzsOx1MqAGm2W3ewGGAe6rUCj3j9ss0Tpc/3Ml"},"attachment":{"enabled":true,"required":true},"displayFields":["attachment.original.filename","attachment.original.size"],"id":"addons-bloomfilters","last_modified":1622680686278},"timestamp":1622680686149,"changes":[{"stash":{"blocked":["{9e642d9b-defb-4faa-a22d-af4b10579817}:1.0.9","{9e642d9b-defb-4faa-a22d-af4b10579817}:1.0.10","{9e642d9b-defb-4faa-a22d-af4b10579817}:1.0.8","{9e642d9b-defb-4faa-a22d-af4b10579817}:1.0.12","{9e642d9b-defb-4faa-a22d-af4b10579817}:1.0.11"],"unblocked":[]},"schema":1622659087214,"key_format":"{guid}:{version}","stash_time":1622680508463,"id":"613577f8-7c53-41bb-be00-502a5f9c6c3f","last_modified":1622680686149},{"stash":{"blocked":["{b474874b-5083-457e-ac48-851083801c8f}:1.0.0","quickweb@com:1.2.10","{8f09050f-1777-4bfc-b898-a9c2ad51a552}:2.0.8"],"unblocked":[]},"schema":1622637481073,"key_format":"{guid}:{version}","stash_time":1622658908090,"id":"0136974e-6af6-4352-9c52-e45f3cd4328e","last_modified":1622659087075}]}