{"metadata":{"signature":{"ref":"2nh9yzuu0cjsk3384hr67epjfi","x5u":"https://content-signature-2.cdn.mozilla.net/chains/remote-settings.content-signature.mozilla.org-2021-07-21-15-12-54.chain","mode":"p384ecdsa","type":"contentsignaturepki","signature":"3xcBI4YJdUaQd0BKqzD3q5TlCzqWNVCOoC6EE3dhSITEfkpPnvfWn6WinbIC6nPlR0DXkjVS6rdEqkXFgVupZ_R2HB60V1XPjDKEV8H4kewzvtDIeW7HzJubY9jGMB8Y","signer_id":"remote-settings","public_key":"MHYwEAYHKoZIzj0CAQYFK4EEACIDYgAEnrEpEy+gOuf60MT8tkhyI+M4d2ULCkUcmXILb638IhMA97AHrGUfQ5IC5j4CKOW4VtrE+aNn2Bb/Xlnn9Z2ivFLEO9gzsOx1MqAGm2W3ewGGAe6rUCj3j9ss0Tpc/3Ml"},"id":"cfr","last_modified":1622661885055},"timestamp":1622661885010,"changes":[{"groups":["cfr"],"content":{"text":{"string_id":"cfr-doorhanger-video-support-body"},"layout":"icon_and_message","buttons":{"primary":{"label":{"string_id":"cfr-doorhanger-video-support-primary-button"},"action":{"data":{"args":"https://support.mozilla.org/kb/update-firefox-latest-release","where":"tabshifted"},"type":"OPEN_URL"}},"secondary":[{"label":{"string_id":"cfr-doorhanger-extension-cancel-button"},"action":{"type":"CANCEL"}}]},"category":"cfrFeatures","anchor_id":"PanelUI-menu-button","bucket_id":"CFR_FULL_VIDEO_SUPPORT_EN","info_icon":{"label":{"string_id":"cfr-doorhanger-extension-sumo-link"},"sumo_path":"extensionrecommendations"},"heading_text":{"string_id":"cfr-doorhanger-video-support-header"},"notification_text":"Message from Firefox","persistent_doorhanger":true,"skip_address_bar_notifier":true},"trigger":{"id":"openURL","params":["www.hulu.com","hulu.com","www.netflix.com","netflix.com","www.disneyplus.com","disneyplus.com","www.hbomax.com","hbomax.com","www.sho.com","sho.com","www.directv.com","directv.com","www.starzplay.com","starzplay.com","www.sling.com","sling.com","www.facebook.com","facebook.com"],"patterns":["https://*/Amazon-Video/*","https://*/Prime-Video/*"]},"template":"cfr_doorhanger","frequency":{"lifetime":3},"targeting":"firefoxVersion < 88 && firefoxVersion != 78 && localeLanguageCode in ['en', 'fr', 'de']","id":"CFR_FULL_VIDEO_SUPPORT_EN","last_modified":1622661885010}]}