{"metadata":{"sort":"-last_modified","signature":{"ref":"270zyfgshrthd1d7se2fo0o6qf","x5u":"https://content-signature-2.cdn.mozilla.net/chains/onecrl.content-signature.mozilla.org-2021-07-21-15-12-50.chain","mode":"p384ecdsa","type":"contentsignaturepki","signature":"r7BY4tGdIoD854Ab1azHdJTs-voSGaSU8Hy6ss6C8PDJF9P0JIs5sZY19FhNzKiTW8STyD59lDrWJ_cOHKmB6mq8-OPx-a6kzB_A7OZ4aEeHrSIDYM8ZeROtdRTkfKCS","signer_id":"onecrl","public_key":"MHYwEAYHKoZIzj0CAQYFK4EEACIDYgAEYwVT4/DzORu7ShL/c5Rqwms53FrNxPI5SPwKgYBaOBNXs/93h630f06tLk9mNsFsmpesp0HZaQlaplXrNNbZTOa/1j5V2yHLmUexaGyw4TEIAwYzbpan1lD+gdhq9Y8v"},"attachment":{"enabled":true,"gzipped":true,"required":true},"displayFields":["details.name","incremental","attachment.original.filename"],"id":"cert-revocations","last_modified":1622689038071},"timestamp":1622689038027,"changes":[{"parent":"440e9d5b-1336-4729-a633-fe49ae3d5853","schema":1622685497519,"details":{"name":"2021-06-03T00:07:28+00:00Z-diff"},"attachment":{"hash":"a1de041daa76eebd52b8f87f776cbc713fe54b968cfa76109e3a96d3530a4138","size":207139,"filename":"20210603-0-filter.stash","location":"security-state-staging/cert-revocations/5aa203a0-4133-4fa6-9b54-df199dcc1703.stash","mimetype":"application/octet-stream"},"incremental":true,"effectiveTimestamp":1622678848000,"id":"e5968c62-3fc1-40a7-a03f-4b2a9ddbf34f","last_modified":1622689038027},{"parent":"aa33378f-8ce6-4e21-9883-8b7a33daf3bc","schema":1622663980129,"details":{"name":"2021-06-02T18:07:28+00:00Z-diff"},"attachment":{"hash":"ef22d95cf8ebaa7c085eda7322df8cd8cc4186d122bc2260eccfbfb7c20e51da","size":62297,"filename":"20210602-3-filter.stash","location":"security-state-staging/cert-revocations/06d51ab2-78d4-4fe4-a7a0-06506f62d4cd.stash","mimetype":"application/octet-stream"},"incremental":true,"effectiveTimestamp":1622657248000,"id":"440e9d5b-1336-4729-a633-fe49ae3d5853","last_modified":1622667442839},{"parent":"afd58f90-9225-42d7-ab05-b43865922018","schema":1622642438584,"details":{"name":"2021-06-02T12:07:24+00:00Z-diff"},"attachment":{"hash":"f06e74c68cb17c31426eeff2f085d18e28b4b5794de5a00c182d790ffec963a5","size":66560,"filename":"20210602-2-filter.stash","location":"security-state-staging/cert-revocations/4e3a1a77-9bb5-420a-abad-e7e9712c8eae.stash","mimetype":"application/octet-stream"},"incremental":true,"effectiveTimestamp":1622635644000,"id":"aa33378f-8ce6-4e21-9883-8b7a33daf3bc","last_modified":1622645834144},{"parent":"055bee1e-fc96-489d-b16f-0f232693f973","schema":1622620578195,"details":{"name":"2021-06-02T06:07:21+00:00Z-diff"},"attachment":{"hash":"79f5ddff7e005ecb73688b7ee9b74c0e8694a4c7ae3ea72e9a3a29c8d8221f18","size":78244,"filename":"20210602-1-filter.stash","location":"security-state-staging/cert-revocations/c34cfd08-642f-442a-bf85-f427ba05408e.stash","mimetype":"application/octet-stream"},"incremental":true,"effectiveTimestamp":1622614041000,"id":"afd58f90-9225-42d7-ab05-b43865922018","last_modified":1622620634306},{"schema":1622599053603,"details":{"name":"2021-06-02T00:07:20+00:00Z-full"},"attachment":{"hash":"b12218decc34cb32d92e0295d1623e9bfb3e3be6543cb31f8862466ada75158f","size":6004391,"filename":"20210602-0-filter","location":"security-state-staging/cert-revocations/7833f179-3964-441e-815c-1358b9486ab3","mimetype":"application/octet-stream"},"incremental":false,"effectiveTimestamp":1622592440000,"id":"055bee1e-fc96-489d-b16f-0f232693f973","last_modified":1622599084952},{"deleted":true,"id":"4b0753ab-088b-4441-afbf-d4db423880ba","last_modified":1622599084946},{"deleted":true,"id":"fb835d0d-fead-4caf-a089-8e3380abdb51","last_modified":1622599084941},{"deleted":true,"id":"4818f225-4538-42db-94b8-82d6c62be3ad","last_modified":1622599084936},{"deleted":true,"id":"d77b7cf6-227e-45e4-a35a-a11ce241b9c0","last_modified":1622599084931},{"deleted":true,"id":"fe7d81c8-7d61-4342-8491-431694a94f80","last_modified":1622599084926},{"deleted":true,"id":"86733dff-714c-4890-ae81-61812f4a9b39","last_modified":1622599084921},{"deleted":true,"id":"8ba4569e-3ce5-42cf-a9db-0725fde47564","last_modified":1622599084917},{"deleted":true,"id":"8d17189a-fae2-4122-9b4d-3a06f068f515","last_modified":1622599084912},{"deleted":true,"id":"7720af11-4419-48fc-b1fa-7dc0b4b51263","last_modified":1622599084907},{"deleted":true,"id":"c907675a-9da9-411d-90b8-5b45d3822abd","last_modified":1622599084902},{"deleted":true,"id":"c34ec8b9-70c5-4745-b2ba-48b405465878","last_modified":1622599084897},{"deleted":true,"id":"c24cb343-5a65-490d-ba91-902effe3a10c","last_modified":1622599084892},{"deleted":true,"id":"1105f218-a2d6-4055-b43e-d8b5f88589c3","last_modified":1622599084887},{"deleted":true,"id":"7bf78a05-bac4-4cf0-a928-7ced6ba6dadd","last_modified":1622599084882},{"deleted":true,"id":"39305246-eccd-41f4-bb55-40f04a3d22bd","last_modified":1622599084875},{"deleted":true,"id":"35b1057b-2c31-4515-ac61-e3b0d0e72481","last_modified":1622599084870}]}