{"metadata":{"sort":"-last_modified","signature":{"ref":"1paal41risqk73jq2mmlnygmk0","x5u":"https://content-signature-2.cdn.mozilla.net/chains/onecrl.content-signature.mozilla.org-2021-07-21-15-12-50.chain","mode":"p384ecdsa","type":"contentsignaturepki","signature":"ykMnh0kaRSTr6Zc93zBHTy3godfhQI7AcJFXqF1KWsGJ-ik8t-0j2J879YwlLMz3-xLgpOC4gYt04JPtAJBGstkYes70xS3AfiwaZ6FXn5G8cYFg9zVTwM39rWMUO5qT","signer_id":"onecrl","public_key":"MHYwEAYHKoZIzj0CAQYFK4EEACIDYgAEYwVT4/DzORu7ShL/c5Rqwms53FrNxPI5SPwKgYBaOBNXs/93h630f06tLk9mNsFsmpesp0HZaQlaplXrNNbZTOa/1j5V2yHLmUexaGyw4TEIAwYzbpan1lD+gdhq9Y8v"},"attachment":{"enabled":false,"required":false},"displayFields":["enabled","blockID","issuerName","subject"],"id":"onecrl","last_modified":1622665272534},"timestamp":1622665272229,"changes":[{"schema":1622538398718,"details":{"bug":"https://bugzilla.mozilla.org/show_bug.cgi?id=1713980","who":"dkeeler@mozilla.com","why":"Kazakhstan MITM (#6)","name":"Information Security Certification Authority","created":"2021-06-02T19:29:08Z"},"enabled":true,"issuerName":"MFMxNTAzBgNVBAMTLEluZm9ybWF0aW9uIFNlY3VyaXR5IENlcnRpZmljYXRpb24gQXV0aG9yaXR5MQ0wCwYDVQQKEwRJU0NBMQswCQYDVQQGEwJLWg==","serialNumber":"WHfTDG8PPDZ/jDTyhv2lKEO7ufM=","id":"befbd0cf-44bd-4bde-bb2c-bfd439e50dba","last_modified":1622665272229}]}