{"project_name":"Remote Settings","project_version":"14.2.0","http_api_version":"1.22","project_docs":"https://remote-settings.readthedocs.io","url":"https://firefox.settings.services.mozilla.com/v1/","settings":{"readonly":true,"batch_max_requests":25,"explicit_permissions":false},"capabilities":{"blocklist-xml":{"description":"An endpoint to generate v2 and v3 XML blocklist export.","url":"https://github.com/mozilla-services/kinto-amo/","version":"1.0.1","resources":{"blocklist":{"addons":{"bucket":"blocklists","collection":"addons"},"plugins":{"bucket":"blocklists","collection":"plugins"},"gfx":{"bucket":"blocklists","collection":"gfx"},"certificates":{"bucket":"blocklists","collection":"certificates"}},"preview":{"addons":{"bucket":"blocklists-preview","collection":"addons"},"certificates":{"bucket":"blocklists-preview","collection":"certificates"},"gfx":{"bucket":"blocklists-preview","collection":"gfx"},"plugins":{"bucket":"blocklists-preview","collection":"plugins"}}}},"changes":{"description":"Track modifications of records in Kinto and store the collection timestamps into a specific bucket and collection.","url":"http://kinto.readthedocs.io/en/latest/tutorials/synchronisation.html#polling-for-remote-changes","version":"3.2.0","collections":["/buckets/blocklists","/buckets/blocklists-preview","/buckets/main","/buckets/main-preview","/buckets/pinning","/buckets/pinning-preview","/buckets/security-state","/buckets/security-state-preview"]},"attachments":{"description":"Add file attachments to records","url":"https://github.com/Kinto/kinto-attachment/","version":"6.1.0","base_url":"https://firefox-settings-attachments.cdn.mozilla.net/"}}}